Category 1,Category 2,Category 3,Category 4,Category 5,Category 6
Category 1,200,Your $200 question here,Your answer here,false
Category 1,400,Your $400 question here,Your answer here,false
Category 1,600,Your $600 question here,Your answer here,false
Category 1,800,Your $800 question here,Your answer here,false
Category 1,1000,Your $1000 question here,Your answer here,false
Category 2,200,Your $200 question here,Your answer here,false
Category 2,400,Your $400 question here,Your answer here,false
Category 2,600,Your $600 question here - DAILY DOUBLE,Your answer here,true
Category 2,800,Your $800 question here,Your answer here,false
Category 2,1000,Your $1000 question here,Your answer here,false
Category 3,200,Your $200 question here,Your answer here,false
Category 3,400,Your $400 question here,Your answer here,false
Category 3,600,Your $600 question here,Your answer here,false
Category 3,800,Your $800 question here,Your answer here,false
Category 3,1000,Your $1000 question here,Your answer here,false
Category 4,200,Your $200 question here,Your answer here,false
Category 4,400,Your $400 question here,Your answer here,false
Category 4,600,Your $600 question here,Your answer here,false
Category 4,800,Your $800 question here,Your answer here,false
Category 4,1000,Your $1000 question here,Your answer here,false
Category 5,200,Your $200 question here,Your answer here,false
Category 5,400,Your $400 question here,Your answer here,false
Category 5,600,Your $600 question here,Your answer here,false
Category 5,800,Your $800 question here - DAILY DOUBLE,Your answer here,true
Category 5,1000,Your $1000 question here,Your answer here,false
Category 6,200,Your $200 question here,Your answer here,false
Category 6,400,Your $400 question here,Your answer here,false
Category 6,600,Your $600 question here,Your answer here,false
Category 6,800,Your $800 question here,Your answer here,false
Category 6,1000,Your $1000 question here,Your answer here,false
FINAL JEOPARDY
Final Jeopardy Category,Your Final Jeopardy question here,Your Final Jeopardy answer here
